student_id,name,age,gender,course,enrollment_date,final_grade,is_intern
S0001,student_1,30,F,data science,2023-03-22,97,No
S0002,student_2,33,F,data science,2023-01-29,64,No
S0003,student_3,39,F,data engineering,2023-12-24,97,No
S0004,student_4,18,M,data engineering,2023-01-09,89,Yes
S0005,student_5,21,F,cloud computing,2023-05-26,65,No
S0006,student_6,21,F,data engineering,2023-08-29,74,No
S0007,student_7,25,M,ai fundamentals,2023-08-25,64,Yes
S0008,student_8,27,F,ai fundamentals,2023-08-09,60,No
S0009,student_9,37,M,ai fundamentals,2023-06-03,54,No
S0010,student_10,39,M,ai fundamentals,2023-12-17,70,No
S0011,student_11,36,M,ai fundamentals,2023-05-04,91,No
S0012,student_12,22,M,cloud computing,2023-04-12,90,Yes
S0013,student_13,41,F,ai fundamentals,2023-07-07,61,No
S0014,student_14,24,F,cloud computing,2023-03-01,79,No
S0015,student_15,42,F,data science,2023-07-06,53,No
S0016,student_16,42,F,data science,2023-10-02,94,Yes
S0017,student_17,30,F,data engineering,2023-01-13,76,Yes
S0018,student_18,44,M,ai fundamentals,2023-10-11,77,No
S0019,student_19,19,F,data science,2023-01-11,52,No
S0020,student_20,24,M,cloud computing,2023-09-30,52,No
S0021,student_21,25,F,cloud computing,2023-10-11,73,Yes
S0022,student_22,41,F,cloud computing,2023-05-05,95,Yes
S0023,student_23,32,F,data engineering,2023-09-20,78,No
S0024,student_24,42,F,cloud computing,2023-01-01,68,No
S0025,student_25,35,F,data engineering,2023-01-08,97,Yes
S0026,student_26,23,M,cloud computing,2023-06-03,51,No
S0027,student_27,43,M,data engineering,2023-03-09,54,Yes
S0028,student_28,31,F,data engineering,2023-11-12,86,Yes
S0029,student_29,26,F,data science,2023-09-06,67,Yes
S0030,student_30,27,M,data science,2023-08-02,74,No
S0031,student_31,38,M,cloud computing,2023-04-24,75,Yes
S0032,student_32,37,F,data science,2023-09-04,93,Yes
S0033,student_33,34,F,data engineering,2023-07-20,62,No
S0034,student_34,37,F,data engineering,2023-04-22,84,No
S0035,student_35,23,F,ai fundamentals,2023-06-16,71,Yes
S0036,student_36,33,M,ai fundamentals,2023-06-14,100,Yes
S0037,student_37,33,M,data engineering,2023-03-10,59,Yes
S0038,student_38,18,M,data science,2023-04-02,86,Yes
S0039,student_39,36,M,data engineering,2023-09-27,93,Yes
S0040,student_40,21,M,cloud computing,2023-05-22,91,Yes
S0041,student_41,42,M,ai fundamentals,2023-11-25,56,No
S0042,student_42,35,F,ai fundamentals,2023-05-15,67,Yes
S0043,student_43,37,F,data science,2023-12-17,81,Yes
S0044,student_44,37,M,data engineering,2023-05-21,100,No
S0045,student_45,37,M,ai fundamentals,2023-04-09,97,No
S0046,student_46,32,M,data science,2023-08-21,94,Yes
S0047,student_47,25,M,ai fundamentals,2023-01-17,56,Yes
S0048,student_48,18,F,data science,2023-09-19,100,No
S0049,student_49,19,F,ai fundamentals,2023-02-10,66,No
S0050,student_50,27,M,cloud computing,2023-07-01,80,Yes
S0051,student_51,43,M,ai fundamentals,2023-10-06,78,No
S0052,student_52,18,F,data engineering,2023-12-24,61,No
S0053,student_53,28,M,data science,2023-01-24,82,Yes
S0054,student_54,38,F,data science,2023-09-09,88,No
S0055,student_55,41,F,ai fundamentals,2023-08-24,75,Yes
S0056,student_56,21,M,data engineering,2023-07-07,88,Yes
S0057,student_57,29,M,ai fundamentals,2023-02-04,79,Yes
S0058,student_58,36,F,ai fundamentals,2023-12-11,52,Yes
S0059,student_59,41,F,ai fundamentals,2023-03-18,69,No
S0060,student_60,20,M,cloud computing,2023-01-18,62,Yes
S0061,student_61,18,F,data science,2023-04-06,68,Yes
S0062,student_62,18,M,data engineering,2023-02-18,50,No
S0063,student_63,22,M,cloud computing,2023-10-21,91,No
S0064,student_64,39,F,cloud computing,2023-01-01,72,Yes
S0065,student_65,23,F,ai fundamentals,2023-04-24,67,Yes
S0066,student_66,24,M,ai fundamentals,2023-12-31,92,No
S0067,student_67,26,M,ai fundamentals,2023-01-05,54,Yes
S0068,student_68,38,F,data science,2023-04-06,54,No
S0069,student_69,35,M,ai fundamentals,2023-05-08,68,No
S0070,student_70,33,M,cloud computing,2023-01-11,55,No
S0071,student_71,22,M,data science,2023-10-13,64,No
S0072,student_72,27,F,cloud computing,2023-12-20,60,No
S0073,student_73,28,F,data science,2023-12-28,100,No
S0074,student_74,44,F,data science,2023-08-29,79,No
S0075,student_75,42,M,data science,2023-01-14,69,No
S0076,student_76,19,F,cloud computing,2023-10-03,84,Yes
S0077,student_77,19,F,data science,2023-02-11,53,Yes
S0078,student_78,25,M,cloud computing,2023-07-24,58,No
S0079,student_79,27,M,data engineering,2023-02-21,76,Yes
S0080,student_80,43,F,cloud computing,2023-04-18,68,Yes
S0081,student_81,21,F,cloud computing,2023-05-25,54,Yes
S0082,student_82,24,F,data science,2023-08-31,57,No
S0083,student_83,41,F,data science,2023-01-15,92,Yes
S0084,student_84,29,M,ai fundamentals,2023-06-14,79,No
S0085,student_85,32,F,data engineering,2023-04-25,85,Yes
S0086,student_86,36,F,data engineering,2023-05-13,65,No
S0087,student_87,18,M,ai fundamentals,2023-10-31,96,No
S0088,student_88,32,M,cloud computing,2023-11-02,95,No
S0089,student_89,21,F,cloud computing,2023-09-12,53,Yes
S0090,student_90,39,F,data science,2023-10-28,53,No
S0091,student_91,30,F,data engineering,2023-03-11,56,Yes
S0092,student_92,43,F,data science,2023-12-27,52,Yes
S0093,student_93,28,F,ai fundamentals,2023-09-30,87,No
S0094,student_94,38,M,data engineering,2023-09-30,74,No
S0095,student_95,29,M,data science,2023-09-24,85,No
S0096,student_96,22,F,data engineering,2023-01-06,53,Yes
S0097,student_97,24,M,data engineering,2023-03-09,57,Yes
S0098,student_98,22,F,data science,2023-06-16,77,Yes
S0099,student_99,33,M,data science,2023-10-02,100,No
S0100,student_100,38,F,data engineering,2023-04-05,52,No
S0101,student_101,21,F,ai fundamentals,2023-10-15,98,No
S0102,student_102,30,M,cloud computing,2023-02-17,57,Yes
S0103,student_103,22,F,data engineering,2023-10-05,60,No
S0104,student_104,38,F,ai fundamentals,2023-02-25,95,Yes
S0105,student_105,26,F,data engineering,2023-11-27,98,No
S0106,student_106,32,F,data science,2023-04-19,55,Yes
S0107,student_107,33,F,ai fundamentals,2023-02-01,90,No
S0108,student_108,38,F,ai fundamentals,2023-03-25,72,No
S0109,student_109,21,M,data engineering,2023-03-08,93,Yes
S0110,student_110,44,M,cloud computing,2023-05-28,51,No
S0111,student_111,41,F,data engineering,2023-06-09,56,No
S0112,student_112,33,F,cloud computing,2023-10-03,78,Yes
S0113,student_113,31,M,ai fundamentals,2023-10-23,55,Yes
S0114,student_114,39,M,cloud computing,2023-03-03,90,Yes
S0115,student_115,39,M,data science,2023-04-08,60,Yes
S0116,student_116,34,M,cloud computing,2023-09-02,57,No
S0117,student_117,35,F,cloud computing,2023-08-25,79,No
S0118,student_118,23,F,ai fundamentals,2023-08-11,86,No
S0119,student_119,27,M,cloud computing,2023-05-03,68,No
S0120,student_120,21,M,ai fundamentals,2023-07-10,97,Yes
S0121,student_121,18,M,data science,2023-07-24,52,Yes
S0122,student_122,23,M,data science,2023-03-22,91,No
S0123,student_123,18,F,data engineering,2023-05-15,79,Yes
S0124,student_124,35,M,data engineering,2023-10-29,82,No
S0125,student_125,36,M,data engineering,2023-06-08,99,No
S0126,student_126,22,M,data science,2023-03-18,75,No
S0127,student_127,20,F,cloud computing,2023-07-01,86,No
S0128,student_128,34,F,ai fundamentals,2023-04-01,69,No
S0129,student_129,21,F,data science,2023-05-15,82,No
S0130,student_130,20,M,cloud computing,2023-05-01,77,No
S0131,student_131,28,F,data engineering,2023-05-11,76,Yes
S0132,student_132,31,F,ai fundamentals,2023-06-04,78,No
S0133,student_133,34,M,data engineering,2023-08-27,95,No
S0134,student_134,25,F,ai fundamentals,2023-10-09,73,Yes
S0135,student_135,39,M,cloud computing,2023-01-14,68,Yes
S0136,student_136,27,F,data science,2023-08-08,55,Yes
S0137,student_137,18,F,data engineering,2023-03-04,51,Yes
S0138,student_138,28,M,data science,2023-02-27,71,No
S0139,student_139,36,M,cloud computing,2023-10-21,84,Yes
S0140,student_140,29,F,cloud computing,2023-04-18,51,Yes
S0141,student_141,44,F,cloud computing,2023-11-22,79,Yes
S0142,student_142,41,M,data science,2023-11-02,95,No
S0143,student_143,20,F,data science,2023-01-26,84,No
S0144,student_144,43,M,ai fundamentals,2023-09-26,64,No
S0145,student_145,20,M,data science,2023-02-22,92,Yes
S0146,student_146,21,M,data science,2023-11-23,80,No
S0147,student_147,21,F,cloud computing,2023-09-11,59,No
S0148,student_148,36,F,ai fundamentals,2023-03-15,77,Yes
S0149,student_149,32,F,data science,2023-03-14,57,Yes
S0150,student_150,21,F,data science,2023-05-25,62,Yes
S0151,student_151,38,F,cloud computing,2023-12-18,79,Yes
S0152,student_152,35,M,data science,2023-12-17,86,Yes
S0153,student_153,36,F,cloud computing,2023-09-12,88,Yes
S0154,student_154,32,M,ai fundamentals,2023-08-18,78,Yes
S0155,student_155,27,M,cloud computing,2023-10-22,99,Yes
S0156,student_156,44,F,cloud computing,2023-06-26,71,No
S0157,student_157,19,M,ai fundamentals,2023-07-08,73,No
S0158,student_158,22,F,data engineering,2023-01-07,87,Yes
S0159,student_159,28,M,cloud computing,2023-04-30,70,Yes
S0160,student_160,40,M,data science,2023-01-02,63,No
S0161,student_161,29,M,cloud computing,2023-07-11,95,Yes
S0162,student_162,26,F,ai fundamentals,2023-07-13,90,Yes
S0163,student_163,29,F,data science,2023-05-06,100,Yes
S0164,student_164,20,F,ai fundamentals,2023-10-05,91,Yes
S0165,student_165,37,F,cloud computing,2023-10-30,51,No
S0166,student_166,34,M,ai fundamentals,2023-09-14,58,Yes
S0167,student_167,18,F,ai fundamentals,2023-08-03,89,No
S0168,student_168,40,F,data engineering,2023-06-14,94,Yes
S0169,student_169,18,M,cloud computing,2023-06-04,59,No
S0170,student_170,24,M,cloud computing,2023-05-29,99,No
S0171,student_171,37,F,cloud computing,2023-12-07,67,Yes
S0172,student_172,32,M,cloud computing,2023-08-20,99,No
S0173,student_173,28,F,data science,2023-02-04,75,No
S0174,student_174,37,M,ai fundamentals,2023-08-30,73,No
S0175,student_175,42,F,cloud computing,2023-03-03,90,No
S0176,student_176,26,M,data science,2023-06-05,60,No
S0177,student_177,31,F,cloud computing,2023-08-17,76,Yes
S0178,student_178,42,M,ai fundamentals,2023-03-15,63,Yes
S0179,student_179,20,F,cloud computing,2023-11-25,81,No
S0180,student_180,21,F,data science,2023-02-22,71,No
S0181,student_181,20,F,data science,2023-03-26,83,No
S0182,student_182,29,F,ai fundamentals,2023-11-15,95,Yes
S0183,student_183,31,F,cloud computing,2023-02-18,51,Yes
S0184,student_184,34,F,data science,2023-10-27,82,Yes
S0185,student_185,26,M,data engineering,2023-05-22,93,No
S0186,student_186,26,F,cloud computing,2023-09-23,56,No
S0187,student_187,37,M,data engineering,2023-06-05,84,Yes
S0188,student_188,26,F,data science,2023-04-01,80,Yes
S0189,student_189,44,M,data science,2023-02-04,96,No
S0190,student_190,20,F,ai fundamentals,2023-11-23,76,Yes
S0191,student_191,42,M,ai fundamentals,2023-02-07,88,Yes
S0192,student_192,38,F,cloud computing,2023-01-07,86,Yes
S0193,student_193,21,M,data science,2023-11-11,67,No
S0194,student_194,30,F,data science,2023-03-27,98,Yes
S0195,student_195,32,M,data science,2023-01-04,62,Yes
S0196,student_196,18,M,data science,2023-03-17,97,No
S0197,student_197,22,M,data engineering,2023-08-23,89,Yes
S0198,student_198,21,F,data science,2023-09-25,98,No
S0199,student_199,31,M,ai fundamentals,2023-03-20,98,No
S0200,student_200,29,F,cloud computing,2023-07-31,75,No
S0201,student_201,40,F,cloud computing,2023-10-10,50,No
S0202,student_202,31,F,cloud computing,2023-12-30,88,Yes
S0203,student_203,43,F,data engineering,2023-09-13,80,Yes
S0204,student_204,31,M,data science,2023-03-22,91,Yes
S0205,student_205,29,F,cloud computing,2023-06-13,97,No
S0206,student_206,42,M,ai fundamentals,2023-02-22,86,Yes
S0207,student_207,34,F,data engineering,2023-03-22,88,No
S0208,student_208,42,M,data science,2023-07-08,78,Yes
S0209,student_209,39,F,data science,2023-04-10,92,No
S0210,student_210,32,F,data science,2023-05-08,73,No
S0211,student_211,43,M,data science,2023-06-04,65,No
S0212,student_212,34,F,data engineering,2023-02-21,88,Yes
S0213,student_213,43,F,ai fundamentals,2023-12-02,88,No
S0214,student_214,40,F,data science,2023-10-11,72,No
S0215,student_215,39,F,data engineering,2023-05-13,98,Yes
S0216,student_216,37,F,data engineering,2023-12-25,57,No
S0217,student_217,19,F,ai fundamentals,2023-08-02,87,No
S0218,student_218,26,F,data engineering,2023-04-14,100,Yes
S0219,student_219,18,F,data engineering,2023-08-30,52,No
S0220,student_220,22,M,cloud computing,2023-10-07,63,Yes
S0221,student_221,43,F,cloud computing,2023-12-30,70,No
S0222,student_222,24,M,ai fundamentals,2023-04-18,96,Yes
S0223,student_223,39,F,cloud computing,2023-01-23,79,No
S0224,student_224,31,M,data engineering,2023-12-15,82,Yes
S0225,student_225,25,M,data engineering,2023-02-13,69,No
S0226,student_226,42,M,ai fundamentals,2023-01-07,94,No
S0227,student_227,42,F,data engineering,2023-07-25,94,No
S0228,student_228,33,F,ai fundamentals,2023-05-26,72,Yes
S0229,student_229,27,M,cloud computing,2023-05-06,72,No
S0230,student_230,36,F,cloud computing,2023-10-02,94,Yes
S0231,student_231,26,F,data science,2023-08-29,87,Yes
S0232,student_232,40,M,cloud computing,2023-05-11,84,Yes
S0233,student_233,33,F,data science,2023-01-28,88,No
S0234,student_234,29,M,data science,2023-08-24,71,No
S0235,student_235,24,M,data science,2023-07-27,78,No
S0236,student_236,33,F,data engineering,2023-02-21,98,Yes
S0237,student_237,43,M,data science,2023-08-04,84,No
S0238,student_238,19,F,cloud computing,2023-11-16,51,Yes
S0239,student_239,40,F,ai fundamentals,2023-06-08,95,Yes
S0240,student_240,30,F,cloud computing,2023-01-14,96,No
S0241,student_241,42,F,ai fundamentals,2023-12-15,67,Yes
S0242,student_242,42,M,cloud computing,2023-08-31,84,Yes
S0243,student_243,21,F,ai fundamentals,2023-06-24,93,Yes
S0244,student_244,36,F,cloud computing,2023-06-23,63,No
S0245,student_245,33,F,ai fundamentals,2023-04-08,67,Yes
S0246,student_246,21,M,data science,2023-09-18,81,No
S0247,student_247,28,M,ai fundamentals,2023-05-19,71,Yes
S0248,student_248,30,F,data science,2023-03-05,84,Yes
S0249,student_249,24,F,cloud computing,2023-10-02,95,No
S0250,student_250,21,F,ai fundamentals,2023-07-20,51,Yes
S0251,student_251,40,F,ai fundamentals,2023-04-30,55,Yes
S0252,student_252,23,F,cloud computing,2023-11-11,97,No
S0253,student_253,41,M,data science,2023-07-21,100,No
S0254,student_254,29,F,data science,2023-08-27,88,Yes
S0255,student_255,18,M,data engineering,2023-01-13,81,Yes
S0256,student_256,29,M,data engineering,2023-06-07,78,Yes
S0257,student_257,26,F,data engineering,2023-03-20,88,Yes
S0258,student_258,38,M,ai fundamentals,2023-12-27,100,Yes
S0259,student_259,28,F,ai fundamentals,2023-03-19,98,Yes
S0260,student_260,40,M,ai fundamentals,2023-05-18,54,No
S0261,student_261,29,M,cloud computing,2023-07-08,87,Yes
S0262,student_262,23,F,data engineering,2023-03-18,57,No
S0263,student_263,33,M,cloud computing,2023-08-18,53,No
S0264,student_264,26,F,data engineering,2023-06-07,71,Yes
S0265,student_265,20,F,data engineering,2023-04-20,71,No
S0266,student_266,37,F,ai fundamentals,2023-03-17,76,Yes
S0267,student_267,43,F,data science,2023-11-12,52,No
S0268,student_268,41,F,data engineering,2023-05-24,78,Yes
S0269,student_269,39,F,data science,2023-06-10,97,Yes
S0270,student_270,37,M,cloud computing,2023-09-12,82,No
S0271,student_271,32,M,ai fundamentals,2023-07-28,87,No
S0272,student_272,38,F,data engineering,2023-04-19,83,Yes
S0273,student_273,39,M,ai fundamentals,2023-04-25,85,No
S0274,student_274,21,M,cloud computing,2023-01-12,82,Yes
S0275,student_275,21,F,data science,2023-09-29,89,Yes
S0276,student_276,25,M,ai fundamentals,2023-10-09,67,No
S0277,student_277,27,F,ai fundamentals,2023-10-05,59,No
S0278,student_278,27,F,data engineering,2023-05-31,85,Yes
S0279,student_279,27,M,data science,2023-09-08,94,Yes
S0280,student_280,41,F,cloud computing,2023-12-14,72,Yes
S0281,student_281,21,F,data engineering,2023-04-19,55,Yes
S0282,student_282,32,F,ai fundamentals,2023-12-14,72,Yes
S0283,student_283,44,F,ai fundamentals,2023-08-20,59,Yes
S0284,student_284,36,M,data science,2023-04-18,51,Yes
S0285,student_285,30,F,cloud computing,2023-04-14,93,No
S0286,student_286,21,M,cloud computing,2023-04-10,55,Yes
S0287,student_287,27,F,ai fundamentals,2023-09-02,92,Yes
S0288,student_288,28,M,cloud computing,2023-09-04,54,Yes
S0289,student_289,31,M,data engineering,2023-11-05,57,Yes
S0290,student_290,25,F,data science,2023-10-27,69,No
S0291,student_291,25,M,ai fundamentals,2023-12-04,100,Yes
S0292,student_292,39,F,cloud computing,2023-03-06,88,No
S0293,student_293,19,F,cloud computing,2023-10-10,63,No
S0294,student_294,30,M,data engineering,2023-05-16,61,No
S0295,student_295,20,M,cloud computing,2023-12-05,73,No
S0296,student_296,20,M,data engineering,2023-11-28,88,No
S0297,student_297,42,M,data science,2023-11-10,61,No
S0298,student_298,19,F,ai fundamentals,2023-07-06,90,No
S0299,student_299,23,M,data engineering,2023-09-27,81,No
S0300,student_300,26,F,cloud computing,2023-08-21,53,No
S0301,student_301,22,M,cloud computing,2023-10-02,52,Yes
S0302,student_302,18,M,data science,2023-05-26,57,Yes
S0303,student_303,29,F,data engineering,2023-06-20,52,No
S0304,student_304,20,M,ai fundamentals,2023-10-28,75,No
S0305,student_305,23,F,cloud computing,2023-08-15,96,No
S0306,student_306,39,M,data engineering,2023-07-23,55,Yes
S0307,student_307,34,M,cloud computing,2023-12-10,66,Yes
S0308,student_308,26,F,ai fundamentals,2023-11-23,100,No
S0309,student_309,19,F,data engineering,2023-07-26,58,No
S0310,student_310,35,F,cloud computing,2023-02-16,67,Yes
S0311,student_311,34,F,ai fundamentals,2023-02-24,100,No
S0312,student_312,21,F,data engineering,2023-06-28,78,Yes
S0313,student_313,42,F,data engineering,2023-02-13,64,Yes
S0314,student_314,26,F,data science,2023-03-07,56,No
S0315,student_315,38,M,ai fundamentals,2023-12-24,63,Yes
S0316,student_316,22,F,data engineering,2023-09-20,78,Yes
S0317,student_317,34,M,data science,2023-05-02,53,Yes
S0318,student_318,43,M,data engineering,2023-06-25,94,Yes
S0319,student_319,21,F,cloud computing,2023-06-22,88,No
S0320,student_320,25,M,data science,2023-09-23,97,Yes
S0321,student_321,21,M,data engineering,2023-01-04,54,No
S0322,student_322,36,F,cloud computing,2023-05-04,50,Yes
S0323,student_323,35,M,cloud computing,2023-09-02,61,No
S0324,student_324,19,F,cloud computing,2023-02-04,88,Yes
S0325,student_325,36,M,data science,2023-01-02,56,Yes
S0326,student_326,35,M,cloud computing,2023-10-22,70,Yes
S0327,student_327,38,F,ai fundamentals,2023-07-26,56,No
S0328,student_328,20,M,data engineering,2023-12-17,66,No
S0329,student_329,23,M,ai fundamentals,2023-05-22,50,Yes
S0330,student_330,23,F,cloud computing,2023-12-09,53,No
S0331,student_331,30,F,cloud computing,2023-02-16,55,Yes
S0332,student_332,30,M,ai fundamentals,2023-12-10,97,Yes
S0333,student_333,39,M,data science,2023-10-21,89,Yes
S0334,student_334,20,F,cloud computing,2023-12-16,66,Yes
S0335,student_335,33,M,cloud computing,2023-08-26,75,No
S0336,student_336,39,F,ai fundamentals,2023-08-23,80,Yes
S0337,student_337,25,F,cloud computing,2023-12-13,77,No
S0338,student_338,25,M,cloud computing,2023-03-24,61,Yes
S0339,student_339,29,F,data science,2023-01-07,90,Yes
S0340,student_340,40,F,data science,2023-03-16,50,No
S0341,student_341,35,M,data science,2023-01-02,83,No
S0342,student_342,24,F,data science,2023-06-26,75,No
S0343,student_343,25,M,data science,2023-12-02,64,Yes
S0344,student_344,36,M,cloud computing,2023-10-03,98,Yes
S0345,student_345,29,M,data engineering,2023-09-12,84,Yes
S0346,student_346,37,F,cloud computing,2023-05-28,90,No
S0347,student_347,35,M,cloud computing,2023-11-18,100,Yes
S0348,student_348,27,M,data engineering,2023-08-17,100,No
S0349,student_349,32,M,ai fundamentals,2023-09-23,93,Yes
S0350,student_350,39,M,data engineering,2023-08-22,88,No
S0351,student_351,27,F,data science,2023-01-14,69,Yes
S0352,student_352,43,F,cloud computing,2023-11-23,92,Yes
S0353,student_353,36,M,data science,2023-09-24,84,No
S0354,student_354,18,F,data engineering,2023-05-02,88,Yes
S0355,student_355,27,F,ai fundamentals,2023-10-27,71,Yes
S0356,student_356,29,F,ai fundamentals,2023-04-12,70,No
S0357,student_357,35,M,cloud computing,2023-06-18,76,Yes
S0358,student_358,27,F,data engineering,2023-09-02,85,No
S0359,student_359,44,F,data science,2023-09-29,77,No
S0360,student_360,18,F,data science,2023-01-15,53,Yes
S0361,student_361,40,F,ai fundamentals,2023-01-01,75,Yes
S0362,student_362,34,F,cloud computing,2023-10-19,57,No
S0363,student_363,28,M,data engineering,2023-04-08,54,No
S0364,student_364,22,F,data science,2023-09-20,54,Yes
S0365,student_365,42,F,ai fundamentals,2023-03-30,59,Yes
S0366,student_366,38,M,cloud computing,2023-01-04,54,Yes
S0367,student_367,21,M,ai fundamentals,2023-11-21,83,No
S0368,student_368,37,M,cloud computing,2023-04-12,99,No
S0369,student_369,26,M,data engineering,2023-12-18,60,No
S0370,student_370,42,F,ai fundamentals,2023-04-25,73,Yes
S0371,student_371,32,F,data science,2023-03-09,98,No
S0372,student_372,41,F,cloud computing,2023-10-18,82,Yes
S0373,student_373,18,F,ai fundamentals,2023-09-27,63,Yes
S0374,student_374,37,F,cloud computing,2023-04-24,71,Yes
S0375,student_375,26,M,ai fundamentals,2023-12-29,78,Yes
S0376,student_376,25,F,ai fundamentals,2023-06-18,73,No
S0377,student_377,41,M,data engineering,2023-10-22,98,Yes
S0378,student_378,31,M,data science,2023-02-12,55,No
S0379,student_379,44,M,ai fundamentals,2023-11-20,52,No
S0380,student_380,35,F,data engineering,2023-10-11,50,Yes
S0381,student_381,42,F,cloud computing,2023-05-24,59,No
S0382,student_382,38,M,cloud computing,2023-08-31,57,No
S0383,student_383,41,M,ai fundamentals,2023-08-23,79,Yes
S0384,student_384,18,M,data science,2023-04-14,71,No
S0385,student_385,29,M,cloud computing,2023-06-28,66,Yes
S0386,student_386,22,M,ai fundamentals,2023-02-14,64,Yes
S0387,student_387,43,M,cloud computing,2023-12-07,69,Yes
S0388,student_388,18,F,data engineering,2023-02-22,87,No
S0389,student_389,28,M,ai fundamentals,2023-07-23,76,Yes
S0390,student_390,32,M,ai fundamentals,2023-06-22,62,No
S0391,student_391,40,M,ai fundamentals,2023-03-23,65,No
S0392,student_392,38,M,data engineering,2023-05-14,69,No
S0393,student_393,36,M,ai fundamentals,2023-03-25,68,No
S0394,student_394,22,F,ai fundamentals,2023-07-19,92,Yes
S0395,student_395,40,M,data engineering,2023-09-13,52,Yes
S0396,student_396,21,F,cloud computing,2023-11-21,66,No
S0397,student_397,44,M,data engineering,2023-04-06,61,No
S0398,student_398,37,M,data science,2023-12-16,85,Yes
S0399,student_399,25,F,data engineering,2023-04-17,59,No
S0400,student_400,26,M,cloud computing,2023-08-31,59,Yes
S0401,student_401,31,F,ai fundamentals,2023-04-02,80,Yes
S0402,student_402,23,F,ai fundamentals,2023-06-10,72,No
S0403,student_403,18,F,data engineering,2023-07-30,92,No
S0404,student_404,26,F,data science,2023-12-31,70,Yes
S0405,student_405,33,F,data engineering,2023-05-18,91,Yes
S0406,student_406,33,F,data science,2023-02-24,69,No
S0407,student_407,39,M,data engineering,2023-01-26,54,Yes
S0408,student_408,29,F,data science,2023-06-11,96,No
S0409,student_409,22,M,data science,2023-01-18,65,Yes
S0410,student_410,25,M,ai fundamentals,2023-01-17,83,Yes
S0411,student_411,31,F,data science,2023-02-19,50,No
S0412,student_412,44,F,ai fundamentals,2023-03-04,97,Yes
S0413,student_413,28,F,data engineering,2023-11-24,65,No
S0414,student_414,38,M,data engineering,2023-12-17,63,Yes
S0415,student_415,32,F,data engineering,2023-03-28,59,No
S0416,student_416,35,F,data engineering,2023-06-15,99,No
S0417,student_417,37,M,data engineering,2023-09-23,92,No
S0418,student_418,21,F,ai fundamentals,2023-05-21,60,No
S0419,student_419,27,M,data engineering,2023-03-30,99,Yes
S0420,student_420,36,F,data science,2023-07-04,89,Yes
S0421,student_421,39,M,cloud computing,2023-03-20,84,Yes
S0422,student_422,20,F,ai fundamentals,2023-02-15,89,Yes
S0423,student_423,37,M,data science,2023-10-17,98,Yes
S0424,student_424,39,F,cloud computing,2023-07-10,94,Yes
S0425,student_425,44,F,cloud computing,2023-01-05,94,Yes
S0426,student_426,29,M,ai fundamentals,2023-11-22,92,Yes
S0427,student_427,41,F,data science,2023-05-06,51,Yes
S0428,student_428,36,F,cloud computing,2023-03-18,58,Yes
S0429,student_429,31,M,cloud computing,2023-06-19,50,Yes
S0430,student_430,41,M,ai fundamentals,2023-09-14,61,Yes
S0431,student_431,19,F,data engineering,2023-07-17,76,Yes
S0432,student_432,24,M,cloud computing,2023-05-31,80,Yes
S0433,student_433,28,F,ai fundamentals,2023-08-22,93,Yes
S0434,student_434,39,F,ai fundamentals,2023-12-20,92,No
S0435,student_435,34,M,data science,2023-06-27,69,Yes
S0436,student_436,34,M,ai fundamentals,2023-04-26,71,Yes
S0437,student_437,44,F,ai fundamentals,2023-11-18,97,No
S0438,student_438,21,M,data engineering,2023-07-18,51,Yes
S0439,student_439,44,F,cloud computing,2023-05-03,68,Yes
S0440,student_440,35,M,data science,2023-01-17,78,Yes
S0441,student_441,28,F,ai fundamentals,2023-07-19,61,No
S0442,student_442,27,F,data science,2023-10-22,99,Yes
S0443,student_443,30,F,cloud computing,2023-04-18,89,Yes
S0444,student_444,31,F,ai fundamentals,2023-03-26,59,Yes
S0445,student_445,43,F,ai fundamentals,2023-07-30,74,No
S0446,student_446,24,F,data science,2023-04-26,54,No
S0447,student_447,24,F,data engineering,2023-06-12,76,Yes
S0448,student_448,25,M,cloud computing,2023-04-24,93,Yes
S0449,student_449,26,M,cloud computing,2023-07-22,71,Yes
S0450,student_450,31,M,cloud computing,2023-09-13,64,No
S0451,student_451,42,F,ai fundamentals,2023-12-26,79,Yes
S0452,student_452,25,M,ai fundamentals,2023-10-24,51,No
S0453,student_453,34,M,ai fundamentals,2023-02-10,64,No
S0454,student_454,42,M,data science,2023-04-05,50,Yes
S0455,student_455,40,M,cloud computing,2023-06-14,65,Yes
S0456,student_456,42,F,cloud computing,2023-04-09,83,No
S0457,student_457,33,F,cloud computing,2023-03-01,82,Yes
S0458,student_458,43,M,data engineering,2023-03-31,87,Yes
S0459,student_459,26,F,ai fundamentals,2023-07-04,55,Yes
S0460,student_460,21,F,cloud computing,2023-05-08,80,Yes
S0461,student_461,24,F,cloud computing,2023-10-15,91,Yes
S0462,student_462,35,F,ai fundamentals,2023-11-01,97,No
S0463,student_463,25,F,ai fundamentals,2023-05-07,100,No
S0464,student_464,38,M,cloud computing,2023-11-17,59,No
S0465,student_465,43,F,data science,2023-02-07,57,No
S0466,student_466,20,M,data science,2023-06-17,80,Yes
S0467,student_467,34,F,data science,2023-01-13,71,No
S0468,student_468,42,M,data science,2023-12-07,80,Yes
S0469,student_469,36,M,data engineering,2023-11-29,91,Yes
S0470,student_470,31,F,data science,2023-05-01,58,No
S0471,student_471,41,M,cloud computing,2023-11-10,51,No
S0472,student_472,42,F,cloud computing,2023-05-30,95,No
S0473,student_473,22,M,cloud computing,2023-12-31,71,No
S0474,student_474,22,M,data science,2023-01-13,58,No
S0475,student_475,30,F,ai fundamentals,2023-05-26,95,Yes
S0476,student_476,35,M,cloud computing,2023-04-22,99,No
S0477,student_477,41,F,data science,2023-06-07,50,Yes
S0478,student_478,40,M,data engineering,2023-10-21,77,Yes
S0479,student_479,43,F,data engineering,2023-01-01,100,Yes
S0480,student_480,38,M,cloud computing,2023-10-07,98,No
S0481,student_481,19,M,ai fundamentals,2023-05-17,75,Yes
S0482,student_482,23,F,data engineering,2023-02-23,79,Yes
S0483,student_483,43,F,data science,2023-07-30,57,No
S0484,student_484,41,M,data science,2023-12-03,76,Yes
S0485,student_485,19,F,data engineering,2023-09-27,81,No
S0486,student_486,37,M,cloud computing,2023-06-15,64,Yes
S0487,student_487,39,M,cloud computing,2023-02-10,69,No
S0488,student_488,41,M,data engineering,2023-06-04,58,No
S0489,student_489,37,F,data science,2023-12-17,89,No
S0490,student_490,40,F,ai fundamentals,2023-10-29,79,Yes
S0491,student_491,40,F,data science,2023-12-03,73,Yes
S0492,student_492,25,M,ai fundamentals,2023-11-11,63,No
S0493,student_493,27,M,ai fundamentals,2023-06-01,90,No
S0494,student_494,35,M,data engineering,2023-09-12,51,Yes
S0495,student_495,27,F,cloud computing,2023-08-31,75,No
S0496,student_496,40,M,ai fundamentals,2023-08-23,74,No
S0497,student_497,18,F,data science,2023-09-03,80,Yes
S0498,student_498,37,F,cloud computing,2023-01-19,91,Yes
S0499,student_499,42,F,cloud computing,2023-12-11,66,Yes
S0500,student_500,22,F,data science,2023-08-28,61,Yes
S0501,student_501,35,F,data engineering,2023-11-17,89,Yes
S0502,student_502,38,M,cloud computing,2023-06-25,57,No
S0503,student_503,39,M,ai fundamentals,2023-12-20,88,No
S0504,student_504,34,M,data science,2023-01-25,71,No
S0505,student_505,21,M,ai fundamentals,2023-07-30,74,No
S0506,student_506,28,F,data science,2023-10-24,87,No
S0507,student_507,19,F,data science,2023-05-18,93,No
S0508,student_508,38,F,cloud computing,2023-11-25,86,No
S0509,student_509,22,M,data science,2023-07-19,82,No
S0510,student_510,22,M,cloud computing,2023-10-25,59,No
S0511,student_511,34,F,data science,2023-10-03,99,Yes
S0512,student_512,34,M,cloud computing,2023-08-03,90,No
S0513,student_513,33,M,cloud computing,2023-11-20,66,No
S0514,student_514,28,M,data engineering,2023-05-08,85,Yes
S0515,student_515,31,F,cloud computing,2023-04-30,53,No
S0516,student_516,26,M,cloud computing,2023-11-19,89,No
S0517,student_517,29,F,cloud computing,2023-08-04,87,Yes
S0518,student_518,38,M,data engineering,2023-08-24,53,Yes
S0519,student_519,24,F,ai fundamentals,2023-01-25,90,Yes
S0520,student_520,27,M,ai fundamentals,2023-03-26,85,Yes
S0521,student_521,33,M,data engineering,2023-06-13,51,Yes
S0522,student_522,21,F,cloud computing,2023-02-02,53,Yes
S0523,student_523,37,F,cloud computing,2023-10-18,61,No
S0524,student_524,30,F,data science,2023-02-12,53,No
S0525,student_525,36,M,ai fundamentals,2023-12-15,96,No
S0526,student_526,35,F,cloud computing,2023-02-07,62,No
S0527,student_527,28,M,cloud computing,2023-08-17,82,No
S0528,student_528,20,F,ai fundamentals,2023-12-05,89,No
S0529,student_529,19,M,cloud computing,2023-02-25,100,Yes
S0530,student_530,29,M,data engineering,2023-12-29,50,No
S0531,student_531,21,M,cloud computing,2023-02-05,97,Yes
S0532,student_532,30,F,cloud computing,2023-12-22,73,Yes
S0533,student_533,22,M,ai fundamentals,2023-03-07,57,No
S0534,student_534,44,F,data engineering,2023-12-16,51,Yes
S0535,student_535,19,M,data science,2023-05-29,84,Yes
S0536,student_536,35,M,ai fundamentals,2023-08-18,63,Yes
S0537,student_537,18,M,data science,2023-12-22,80,No
S0538,student_538,25,M,data science,2023-10-30,71,No
S0539,student_539,42,F,data engineering,2023-12-21,67,Yes
S0540,student_540,44,M,data science,2023-04-02,73,No
S0541,student_541,22,M,data engineering,2023-03-04,85,No
S0542,student_542,21,F,cloud computing,2023-03-04,83,Yes
S0543,student_543,23,M,data engineering,2023-09-09,56,No
S0544,student_544,24,F,ai fundamentals,2023-03-20,74,Yes
S0545,student_545,21,F,data science,2023-12-29,84,No
S0546,student_546,20,M,data engineering,2023-06-08,90,No
S0547,student_547,43,M,ai fundamentals,2023-12-14,88,Yes
S0548,student_548,26,F,data engineering,2023-02-21,59,Yes
S0549,student_549,19,F,data science,2023-01-05,74,Yes
S0550,student_550,22,F,data science,2023-07-16,79,No
S0551,student_551,44,F,ai fundamentals,2023-08-22,55,Yes
S0552,student_552,18,F,ai fundamentals,2023-10-25,98,No
S0553,student_553,42,F,ai fundamentals,2023-09-17,98,No
S0554,student_554,31,F,ai fundamentals,2023-06-17,75,No
S0555,student_555,37,F,ai fundamentals,2023-04-11,54,No
S0556,student_556,27,M,data science,2023-05-22,96,Yes
S0557,student_557,39,F,cloud computing,2023-10-28,88,Yes
S0558,student_558,23,M,ai fundamentals,2023-09-14,50,Yes
S0559,student_559,19,M,cloud computing,2023-11-27,64,Yes
S0560,student_560,25,F,ai fundamentals,2023-08-10,59,No
S0561,student_561,26,F,ai fundamentals,2023-12-01,86,Yes
S0562,student_562,40,M,ai fundamentals,2023-05-09,97,Yes
S0563,student_563,38,M,data science,2023-09-14,100,No
S0564,student_564,25,F,cloud computing,2023-04-07,78,Yes
S0565,student_565,21,F,data science,2023-09-25,65,Yes
S0566,student_566,39,F,data engineering,2023-01-30,52,Yes
S0567,student_567,30,F,ai fundamentals,2023-03-11,86,No
S0568,student_568,21,M,ai fundamentals,2023-07-05,57,Yes
S0569,student_569,24,M,cloud computing,2023-10-14,67,Yes
S0570,student_570,38,M,data science,2023-10-02,81,Yes
S0571,student_571,25,M,data science,2023-04-17,93,No
S0572,student_572,37,M,data science,2023-01-17,91,No
S0573,student_573,18,M,ai fundamentals,2023-12-04,65,Yes
S0574,student_574,23,M,cloud computing,2023-07-23,78,Yes
S0575,student_575,29,F,data engineering,2023-01-10,92,No
S0576,student_576,27,F,data engineering,2023-08-07,81,Yes
S0577,student_577,37,F,data science,2023-03-18,72,Yes
S0578,student_578,25,F,cloud computing,2023-07-12,100,No
S0579,student_579,39,M,data science,2023-08-20,73,Yes
S0580,student_580,23,M,data science,2023-09-04,54,Yes
S0581,student_581,26,F,data science,2023-11-30,50,Yes
S0582,student_582,29,M,data engineering,2023-12-10,67,Yes
S0583,student_583,32,M,data engineering,2023-05-02,56,No
S0584,student_584,18,M,data science,2023-12-30,54,Yes
S0585,student_585,26,M,cloud computing,2023-06-03,61,Yes
S0586,student_586,37,F,data engineering,2023-04-22,82,No
S0587,student_587,24,F,data science,2023-03-18,66,Yes
S0588,student_588,43,F,data engineering,2023-01-25,52,No
S0589,student_589,28,F,ai fundamentals,2023-09-19,60,Yes
S0590,student_590,37,M,ai fundamentals,2023-02-04,89,Yes
S0591,student_591,20,F,data engineering,2023-03-18,88,Yes
S0592,student_592,41,M,data science,2023-07-07,89,No
S0593,student_593,18,F,data engineering,2023-02-13,50,Yes
S0594,student_594,37,M,cloud computing,2023-11-12,59,No
S0595,student_595,44,F,data science,2023-10-05,61,Yes
S0596,student_596,32,M,data science,2023-12-31,94,Yes
S0597,student_597,18,M,data science,2023-01-13,67,Yes
S0598,student_598,37,M,data science,2023-04-09,86,No
S0599,student_599,24,M,cloud computing,2023-05-14,91,Yes
S0600,student_600,19,M,data engineering,2023-10-04,97,No
S0601,student_601,30,M,data engineering,2023-05-05,55,Yes
S0602,student_602,43,M,ai fundamentals,2023-06-09,91,No
S0603,student_603,36,M,data science,2023-12-21,98,Yes
S0604,student_604,31,M,ai fundamentals,2023-10-07,88,Yes
S0605,student_605,27,F,cloud computing,2023-01-20,86,No
S0606,student_606,22,F,data engineering,2023-03-27,54,Yes
S0607,student_607,43,F,data engineering,2023-10-31,99,No
S0608,student_608,35,F,data science,2023-09-20,61,Yes
S0609,student_609,21,F,data engineering,2023-03-10,89,Yes
S0610,student_610,20,M,cloud computing,2023-07-21,79,No
S0611,student_611,38,F,cloud computing,2023-01-25,93,No
S0612,student_612,31,F,data science,2023-08-07,95,Yes
S0613,student_613,43,M,ai fundamentals,2023-09-30,61,No
S0614,student_614,33,F,data science,2023-08-15,92,Yes
S0615,student_615,41,F,cloud computing,2023-05-31,82,No
S0616,student_616,22,M,data engineering,2023-05-06,51,Yes
S0617,student_617,27,F,data engineering,2023-01-29,94,Yes
S0618,student_618,22,F,data engineering,2023-10-12,97,Yes
S0619,student_619,35,M,cloud computing,2023-04-24,84,No
S0620,student_620,36,M,ai fundamentals,2023-12-24,92,No
S0621,student_621,31,M,data science,2023-03-31,92,No
S0622,student_622,31,M,ai fundamentals,2023-05-14,94,No
S0623,student_623,41,F,data engineering,2023-03-08,60,No
S0624,student_624,20,F,data science,2023-07-23,92,Yes
S0625,student_625,21,F,cloud computing,2023-03-19,90,No
S0626,student_626,27,M,cloud computing,2023-07-04,96,No
S0627,student_627,44,F,ai fundamentals,2023-09-19,89,No
S0628,student_628,41,M,data science,2023-01-30,65,No
S0629,student_629,44,F,data engineering,2023-04-02,95,No
S0630,student_630,40,M,ai fundamentals,2023-11-14,76,No
S0631,student_631,40,F,cloud computing,2023-06-04,91,No
S0632,student_632,30,F,data science,2023-10-12,90,No
S0633,student_633,33,M,data science,2023-04-08,94,No
S0634,student_634,20,M,cloud computing,2023-04-16,98,No
S0635,student_635,44,M,data engineering,2023-06-25,66,No
S0636,student_636,37,F,data engineering,2023-04-20,93,Yes
S0637,student_637,24,F,cloud computing,2023-09-18,78,Yes
S0638,student_638,32,M,cloud computing,2023-09-25,50,No
S0639,student_639,34,M,data engineering,2023-06-29,94,No
S0640,student_640,33,M,ai fundamentals,2023-04-10,52,Yes
S0641,student_641,44,M,ai fundamentals,2023-10-10,72,No
S0642,student_642,26,F,data science,2023-01-16,74,No
S0643,student_643,18,M,data science,2023-08-09,94,Yes
S0644,student_644,28,M,ai fundamentals,2023-12-29,69,Yes
S0645,student_645,29,F,data science,2023-03-12,80,Yes
S0646,student_646,31,F,ai fundamentals,2023-09-06,63,No
S0647,student_647,25,M,data science,2023-04-06,57,No
S0648,student_648,24,F,ai fundamentals,2023-01-03,69,Yes
S0649,student_649,31,M,data science,2023-10-01,85,No
S0650,student_650,39,F,data science,2023-08-31,79,No
S0651,student_651,33,F,ai fundamentals,2023-11-18,70,No
S0652,student_652,27,M,data engineering,2023-06-10,58,No
S0653,student_653,24,F,ai fundamentals,2023-08-14,60,No
S0654,student_654,39,M,ai fundamentals,2023-03-10,91,Yes
S0655,student_655,29,M,cloud computing,2023-12-17,84,Yes
S0656,student_656,36,F,data engineering,2023-09-18,96,Yes
S0657,student_657,25,F,data science,2023-12-02,61,Yes
S0658,student_658,19,M,data engineering,2023-05-08,58,Yes
S0659,student_659,27,F,data engineering,2023-10-05,71,Yes
S0660,student_660,20,F,data engineering,2023-04-13,54,Yes
S0661,student_661,36,F,cloud computing,2023-09-24,97,Yes
S0662,student_662,32,M,cloud computing,2023-09-30,57,Yes
S0663,student_663,23,F,data science,2023-01-03,71,No
S0664,student_664,40,F,ai fundamentals,2023-10-30,72,Yes
S0665,student_665,22,M,data engineering,2023-07-09,56,No
S0666,student_666,36,F,data science,2023-06-24,69,No
S0667,student_667,32,M,data science,2023-04-21,93,Yes
S0668,student_668,36,M,cloud computing,2023-10-16,56,Yes
S0669,student_669,19,M,ai fundamentals,2023-08-20,82,Yes
S0670,student_670,30,M,ai fundamentals,2023-07-09,87,Yes
S0671,student_671,18,F,cloud computing,2023-10-20,72,No
S0672,student_672,27,M,data engineering,2023-12-12,91,Yes
S0673,student_673,34,M,cloud computing,2023-09-22,71,No
S0674,student_674,20,M,data science,2023-02-17,61,Yes
S0675,student_675,26,F,cloud computing,2023-12-14,93,Yes
S0676,student_676,37,M,ai fundamentals,2023-01-01,53,No
S0677,student_677,28,M,data engineering,2023-06-13,82,Yes
S0678,student_678,34,M,data science,2023-01-27,79,No
S0679,student_679,44,M,data science,2023-07-10,71,No
S0680,student_680,42,M,ai fundamentals,2023-05-31,67,No
S0681,student_681,42,M,cloud computing,2023-06-09,55,No
S0682,student_682,19,M,data science,2023-05-10,97,No
S0683,student_683,18,M,cloud computing,2023-12-16,77,No
S0684,student_684,23,M,data science,2023-09-17,51,No
S0685,student_685,42,M,ai fundamentals,2023-09-17,83,No
S0686,student_686,20,M,data science,2023-12-21,90,Yes
S0687,student_687,33,M,data science,2023-04-27,93,No
S0688,student_688,21,F,data engineering,2023-06-14,89,No
S0689,student_689,32,F,data science,2023-01-21,93,Yes
S0690,student_690,23,M,ai fundamentals,2023-08-22,87,No
S0691,student_691,29,F,data science,2023-05-14,80,No
S0692,student_692,37,F,ai fundamentals,2023-08-05,68,No
S0693,student_693,42,F,cloud computing,2023-03-25,65,No
S0694,student_694,24,M,ai fundamentals,2023-07-02,95,No
S0695,student_695,38,F,cloud computing,2023-08-18,90,Yes
S0696,student_696,24,F,data science,2023-09-17,79,No
S0697,student_697,37,M,ai fundamentals,2023-12-06,54,Yes
S0698,student_698,24,F,data engineering,2023-06-01,98,No
S0699,student_699,20,F,ai fundamentals,2023-02-18,92,Yes
S0700,student_700,24,F,cloud computing,2023-12-17,70,No
S0701,student_701,23,F,cloud computing,2023-06-08,66,Yes
S0702,student_702,23,M,data engineering,2023-08-06,71,Yes
S0703,student_703,31,F,ai fundamentals,2023-05-21,52,Yes
S0704,student_704,27,M,data science,2023-01-05,70,No
S0705,student_705,22,F,ai fundamentals,2023-08-29,95,Yes
S0706,student_706,40,F,ai fundamentals,2023-07-24,74,Yes
S0707,student_707,31,F,ai fundamentals,2023-04-22,93,Yes
S0708,student_708,39,F,data engineering,2023-07-22,70,No
S0709,student_709,35,F,data engineering,2023-09-10,95,Yes
S0710,student_710,21,M,data engineering,2023-07-01,65,Yes
S0711,student_711,31,M,data engineering,2023-08-27,83,No
S0712,student_712,37,M,data engineering,2023-05-19,74,Yes
S0713,student_713,44,F,data science,2023-09-01,74,No
S0714,student_714,26,M,ai fundamentals,2023-02-13,90,No
S0715,student_715,43,F,ai fundamentals,2023-09-20,77,No
S0716,student_716,39,M,data science,2023-07-19,53,Yes
S0717,student_717,31,M,data science,2023-01-01,69,No
S0718,student_718,23,M,data science,2023-02-21,62,Yes
S0719,student_719,40,F,data science,2023-06-12,100,No
S0720,student_720,34,M,data engineering,2023-12-19,94,Yes
S0721,student_721,43,F,ai fundamentals,2023-01-24,60,No
S0722,student_722,32,M,data science,2023-07-19,59,Yes
S0723,student_723,41,F,cloud computing,2023-10-02,78,Yes
S0724,student_724,23,F,data science,2023-10-16,96,No
S0725,student_725,19,F,ai fundamentals,2023-01-03,81,Yes
S0726,student_726,23,F,cloud computing,2023-06-16,73,Yes
S0727,student_727,24,F,data science,2023-09-26,63,Yes
S0728,student_728,30,F,data engineering,2023-03-06,55,No
S0729,student_729,44,F,data engineering,2023-09-10,95,No
S0730,student_730,28,F,cloud computing,2023-03-14,90,No
S0731,student_731,40,F,data engineering,2023-09-17,57,Yes
S0732,student_732,32,F,cloud computing,2023-05-12,91,No
S0733,student_733,26,M,data science,2023-08-19,96,No
S0734,student_734,25,F,ai fundamentals,2023-05-15,66,No
S0735,student_735,31,M,cloud computing,2023-11-11,100,No
S0736,student_736,23,M,data science,2023-01-03,89,No
S0737,student_737,33,F,cloud computing,2023-06-25,85,Yes
S0738,student_738,28,M,ai fundamentals,2023-06-30,92,No
S0739,student_739,21,F,data engineering,2023-02-28,78,No
S0740,student_740,28,F,data engineering,2023-04-21,67,Yes
S0741,student_741,36,M,cloud computing,2023-03-24,87,No
S0742,student_742,43,F,ai fundamentals,2023-09-12,51,Yes
S0743,student_743,43,M,data science,2023-03-22,67,Yes
S0744,student_744,21,M,data science,2023-11-10,80,No
S0745,student_745,32,M,data science,2023-06-21,84,No
S0746,student_746,36,M,cloud computing,2023-10-17,53,Yes
S0747,student_747,23,F,data engineering,2023-03-11,83,Yes
S0748,student_748,44,F,cloud computing,2023-08-10,93,No
S0749,student_749,22,F,cloud computing,2023-03-21,75,Yes
S0750,student_750,35,M,cloud computing,2023-03-31,51,Yes
S0751,student_751,23,F,data science,2023-10-08,84,Yes
S0752,student_752,42,M,ai fundamentals,2023-12-23,99,Yes
S0753,student_753,21,M,cloud computing,2023-07-08,89,Yes
S0754,student_754,23,M,data science,2023-11-17,90,Yes
S0755,student_755,26,M,cloud computing,2023-03-19,68,Yes
S0756,student_756,22,M,cloud computing,2023-01-13,91,Yes
S0757,student_757,44,M,data science,2023-07-18,71,Yes
S0758,student_758,35,F,ai fundamentals,2023-04-24,97,No
S0759,student_759,41,F,ai fundamentals,2023-02-19,78,No
S0760,student_760,42,F,data engineering,2023-05-12,51,Yes
S0761,student_761,19,M,cloud computing,2023-04-26,91,Yes
S0762,student_762,36,M,data engineering,2023-06-27,88,No
S0763,student_763,19,F,data science,2023-08-16,62,No
S0764,student_764,32,F,cloud computing,2023-03-17,65,Yes
S0765,student_765,35,F,data science,2023-01-18,78,No
S0766,student_766,25,M,data engineering,2023-03-10,75,Yes
S0767,student_767,39,F,data science,2023-10-31,100,Yes
S0768,student_768,29,F,data science,2023-11-27,72,Yes
S0769,student_769,32,M,ai fundamentals,2023-04-27,77,Yes
S0770,student_770,34,M,cloud computing,2023-09-03,63,No
S0771,student_771,38,F,cloud computing,2023-12-25,83,Yes
S0772,student_772,19,F,cloud computing,2023-02-06,64,Yes
S0773,student_773,35,M,data science,2023-10-09,58,No
S0774,student_774,30,M,ai fundamentals,2023-02-05,54,Yes
S0775,student_775,40,M,data engineering,2023-11-17,96,Yes
S0776,student_776,32,M,cloud computing,2023-01-09,71,Yes
S0777,student_777,40,F,data science,2023-09-20,95,Yes
S0778,student_778,18,F,ai fundamentals,2023-04-12,78,No
S0779,student_779,20,F,ai fundamentals,2023-03-24,72,Yes
S0780,student_780,37,F,cloud computing,2023-01-18,64,Yes
S0781,student_781,41,F,ai fundamentals,2023-09-17,50,No
S0782,student_782,43,M,ai fundamentals,2023-05-07,100,Yes
S0783,student_783,32,M,data science,2023-09-22,87,Yes
S0784,student_784,36,F,data engineering,2023-02-17,100,Yes
S0785,student_785,29,M,ai fundamentals,2023-02-13,59,No
S0786,student_786,38,F,data engineering,2023-07-09,83,No
S0787,student_787,27,F,ai fundamentals,2023-09-17,90,No
S0788,student_788,32,F,ai fundamentals,2023-10-28,90,Yes
S0789,student_789,18,F,ai fundamentals,2023-03-17,57,No
S0790,student_790,30,M,cloud computing,2023-11-02,76,No
S0791,student_791,40,F,cloud computing,2023-02-20,79,Yes
S0792,student_792,27,F,cloud computing,2023-05-19,100,No
S0793,student_793,36,F,data engineering,2023-06-21,67,Yes
S0794,student_794,22,M,data engineering,2023-07-27,60,Yes
S0795,student_795,25,F,cloud computing,2023-04-13,93,Yes
S0796,student_796,21,M,data engineering,2023-03-04,83,Yes
S0797,student_797,34,M,data science,2023-12-05,51,Yes
S0798,student_798,30,F,data engineering,2023-09-11,88,No
S0799,student_799,23,M,data science,2023-11-15,69,Yes
S0800,student_800,38,M,cloud computing,2023-12-08,79,Yes
S0801,student_801,31,F,data science,2023-08-14,56,Yes
S0802,student_802,34,F,cloud computing,2023-03-31,55,No
S0803,student_803,31,M,cloud computing,2023-01-02,54,No
S0804,student_804,36,F,cloud computing,2023-05-19,52,No
S0805,student_805,37,M,data engineering,2023-05-01,90,No
S0806,student_806,35,F,ai fundamentals,2023-01-14,90,Yes
S0807,student_807,25,F,ai fundamentals,2023-06-29,66,Yes
S0808,student_808,44,F,data science,2023-11-19,57,Yes
S0809,student_809,35,M,ai fundamentals,2023-07-30,90,No
S0810,student_810,32,M,cloud computing,2023-08-01,74,Yes
S0811,student_811,21,M,ai fundamentals,2023-05-16,73,Yes
S0812,student_812,28,F,data science,2023-10-24,72,Yes
S0813,student_813,38,M,cloud computing,2023-11-09,91,No
S0814,student_814,28,F,data engineering,2023-12-08,56,No
S0815,student_815,19,F,cloud computing,2023-02-07,64,Yes
S0816,student_816,41,M,cloud computing,2023-07-31,89,No
S0817,student_817,38,F,data science,2023-07-03,74,No
S0818,student_818,34,M,data engineering,2023-01-01,81,Yes
S0819,student_819,28,F,cloud computing,2023-08-02,70,No
S0820,student_820,36,M,data engineering,2023-08-28,68,Yes
S0821,student_821,44,F,cloud computing,2023-06-15,85,No
S0822,student_822,41,F,cloud computing,2023-06-24,82,No
S0823,student_823,38,M,data science,2023-08-21,70,No
S0824,student_824,34,M,cloud computing,2023-12-15,74,Yes
S0825,student_825,20,F,cloud computing,2023-03-05,82,No
S0826,student_826,24,M,cloud computing,2023-02-27,77,Yes
S0827,student_827,27,F,ai fundamentals,2023-04-11,94,Yes
S0828,student_828,20,F,data engineering,2023-02-09,86,No
S0829,student_829,38,F,data science,2023-07-13,68,No
S0830,student_830,30,F,data science,2023-07-09,72,Yes
S0831,student_831,27,F,data science,2023-07-17,84,No
S0832,student_832,43,M,cloud computing,2023-12-14,81,Yes
S0833,student_833,39,M,data engineering,2023-12-18,100,Yes
S0834,student_834,22,M,ai fundamentals,2023-03-15,68,Yes
S0835,student_835,44,F,ai fundamentals,2023-07-01,64,No
S0836,student_836,22,M,data science,2023-01-08,57,No
S0837,student_837,27,M,data engineering,2023-12-22,61,No
S0838,student_838,28,M,ai fundamentals,2023-07-17,60,No
S0839,student_839,30,F,data science,2023-06-19,88,No
S0840,student_840,26,M,ai fundamentals,2023-10-12,91,Yes
S0841,student_841,19,M,ai fundamentals,2023-09-04,72,Yes
S0842,student_842,23,M,data engineering,2023-12-08,50,No
S0843,student_843,25,F,data science,2023-09-25,84,Yes
S0844,student_844,18,M,ai fundamentals,2023-01-04,67,Yes
S0845,student_845,44,F,cloud computing,2023-10-02,92,Yes
S0846,student_846,19,F,cloud computing,2023-02-16,56,Yes
S0847,student_847,44,M,ai fundamentals,2023-12-28,53,No
S0848,student_848,21,F,data engineering,2023-05-26,90,No
S0849,student_849,43,M,data engineering,2023-04-22,77,No
S0850,student_850,36,F,ai fundamentals,2023-06-05,62,Yes
S0851,student_851,42,M,data engineering,2023-02-24,89,No
S0852,student_852,36,M,data engineering,2023-04-22,71,No
S0853,student_853,38,F,cloud computing,2023-07-21,75,Yes
S0854,student_854,26,M,data science,2023-07-19,50,Yes
S0855,student_855,36,F,data science,2023-03-13,93,Yes
S0856,student_856,43,M,ai fundamentals,2023-12-24,84,No
S0857,student_857,42,F,ai fundamentals,2023-04-21,51,Yes
S0858,student_858,25,F,ai fundamentals,2023-06-24,98,Yes
S0859,student_859,28,F,cloud computing,2023-06-12,93,No
S0860,student_860,42,F,cloud computing,2023-06-11,87,Yes
S0861,student_861,36,F,data engineering,2023-03-16,96,Yes
S0862,student_862,21,M,cloud computing,2023-11-22,93,No
S0863,student_863,30,M,data science,2023-10-30,75,Yes
S0864,student_864,37,F,cloud computing,2023-07-31,73,Yes
S0865,student_865,31,M,ai fundamentals,2023-08-12,92,No
S0866,student_866,40,M,data science,2023-06-25,54,Yes
S0867,student_867,18,F,data engineering,2023-04-15,57,No
S0868,student_868,28,F,data science,2023-07-11,79,Yes
S0869,student_869,21,F,cloud computing,2023-04-30,51,No
S0870,student_870,24,F,cloud computing,2023-10-29,73,Yes
S0871,student_871,21,M,data engineering,2023-07-03,73,Yes
S0872,student_872,43,M,ai fundamentals,2023-04-21,74,Yes
S0873,student_873,24,F,data engineering,2023-11-17,75,No
S0874,student_874,37,M,data engineering,2023-12-24,55,Yes
S0875,student_875,20,M,data engineering,2023-05-31,72,Yes
S0876,student_876,36,F,data engineering,2023-01-06,99,No
S0877,student_877,36,M,cloud computing,2023-02-05,66,No
S0878,student_878,24,M,ai fundamentals,2023-10-19,81,Yes
S0879,student_879,38,F,data science,2023-05-05,98,Yes
S0880,student_880,29,M,ai fundamentals,2023-04-15,50,No
S0881,student_881,40,M,ai fundamentals,2023-07-15,100,Yes
S0882,student_882,18,M,data engineering,2023-06-06,53,No
S0883,student_883,22,F,ai fundamentals,2023-04-02,83,No
S0884,student_884,31,F,data engineering,2023-09-09,81,Yes
S0885,student_885,27,M,data science,2023-05-18,56,No
S0886,student_886,20,F,data engineering,2023-10-27,50,Yes
S0887,student_887,19,M,data science,2023-05-12,58,Yes
S0888,student_888,30,F,ai fundamentals,2023-04-18,74,Yes
S0889,student_889,33,M,data engineering,2023-04-17,56,Yes
S0890,student_890,40,F,cloud computing,2023-08-23,61,Yes
S0891,student_891,19,M,data science,2023-05-13,54,Yes
S0892,student_892,41,M,ai fundamentals,2023-06-07,87,No
S0893,student_893,30,F,data science,2023-11-13,57,No
S0894,student_894,23,M,data engineering,2023-01-03,75,Yes
S0895,student_895,24,M,cloud computing,2023-03-11,92,No
S0896,student_896,19,F,data science,2023-02-17,55,Yes
S0897,student_897,28,F,data science,2023-07-24,87,Yes
S0898,student_898,24,M,data science,2023-05-26,54,No
S0899,student_899,24,M,ai fundamentals,2023-03-21,92,Yes
S0900,student_900,24,M,cloud computing,2023-07-04,62,No
S0901,student_901,24,F,cloud computing,2023-02-11,66,Yes
S0902,student_902,29,F,cloud computing,2023-08-02,55,Yes
S0903,student_903,36,M,data science,2023-04-15,63,No
S0904,student_904,39,M,data science,2023-01-04,61,Yes
S0905,student_905,36,M,data science,2023-07-08,72,Yes
S0906,student_906,36,M,data science,2023-10-30,92,No
S0907,student_907,37,F,data engineering,2023-06-09,89,Yes
S0908,student_908,20,M,data engineering,2023-11-04,50,No
S0909,student_909,30,M,ai fundamentals,2023-04-08,74,No
S0910,student_910,27,F,data science,2023-06-25,98,No
S0911,student_911,37,F,ai fundamentals,2023-09-25,77,Yes
S0912,student_912,26,F,cloud computing,2023-12-26,80,No
S0913,student_913,23,F,data science,2023-11-15,74,Yes
S0914,student_914,38,M,data engineering,2023-05-17,78,No
S0915,student_915,39,M,data science,2023-07-10,74,Yes
S0916,student_916,29,F,cloud computing,2023-05-12,80,No
S0917,student_917,19,F,ai fundamentals,2023-04-18,96,Yes
S0918,student_918,29,M,data science,2023-11-07,82,Yes
S0919,student_919,33,M,data engineering,2023-08-20,96,No
S0920,student_920,30,M,cloud computing,2023-06-19,85,Yes
S0921,student_921,33,F,cloud computing,2023-11-07,72,Yes
S0922,student_922,30,F,ai fundamentals,2023-10-09,97,No
S0923,student_923,39,F,data science,2023-03-13,58,No
S0924,student_924,42,M,data engineering,2023-08-21,53,No
S0925,student_925,36,M,data science,2023-12-16,86,Yes
S0926,student_926,43,M,data engineering,2023-09-12,64,No
S0927,student_927,31,F,ai fundamentals,2023-02-08,86,Yes
S0928,student_928,30,F,cloud computing,2023-09-21,67,No
S0929,student_929,27,M,ai fundamentals,2023-08-05,69,No
S0930,student_930,39,M,cloud computing,2023-10-13,74,No
S0931,student_931,24,F,data science,2023-11-04,74,No
S0932,student_932,22,F,cloud computing,2023-07-04,85,Yes
S0933,student_933,34,F,data engineering,2023-10-27,100,No
S0934,student_934,26,M,ai fundamentals,2023-11-01,51,Yes
S0935,student_935,44,M,cloud computing,2023-07-26,62,No
S0936,student_936,23,F,cloud computing,2023-12-29,70,Yes
S0937,student_937,33,M,data science,2023-07-28,57,No
S0938,student_938,23,F,data science,2023-08-28,72,Yes
S0939,student_939,23,M,data science,2023-05-10,94,No
S0940,student_940,35,M,data engineering,2023-12-29,65,Yes
S0941,student_941,18,M,data science,2023-02-23,82,Yes
S0942,student_942,34,F,cloud computing,2023-09-01,83,Yes
S0943,student_943,34,M,data engineering,2023-02-26,63,Yes
S0944,student_944,18,F,data science,2023-05-24,51,Yes
S0945,student_945,28,M,cloud computing,2023-12-03,53,Yes
S0946,student_946,30,F,data engineering,2023-07-20,89,No
S0947,student_947,18,F,cloud computing,2023-12-28,86,No
S0948,student_948,44,F,data science,2023-05-29,88,Yes
S0949,student_949,25,F,data science,2023-07-09,77,No
S0950,student_950,40,F,data engineering,2023-07-11,84,No
S0951,student_951,37,M,ai fundamentals,2023-11-07,95,No
S0952,student_952,23,M,cloud computing,2023-05-09,88,No
S0953,student_953,22,F,cloud computing,2023-05-04,97,Yes
S0954,student_954,37,F,ai fundamentals,2023-11-02,75,No
S0955,student_955,22,F,ai fundamentals,2023-07-18,66,No
S0956,student_956,23,M,cloud computing,2023-10-14,98,Yes
S0957,student_957,30,F,data engineering,2023-09-27,100,No
S0958,student_958,44,M,ai fundamentals,2023-10-04,59,Yes
S0959,student_959,35,F,data science,2023-11-28,75,Yes
S0960,student_960,37,M,data engineering,2023-09-25,50,Yes
S0961,student_961,30,F,ai fundamentals,2023-05-14,65,Yes
S0962,student_962,24,M,data science,2023-05-25,66,No
S0963,student_963,25,M,data science,2023-07-10,92,Yes
S0964,student_964,38,F,cloud computing,2023-01-28,86,No
S0965,student_965,34,F,data engineering,2023-12-31,57,No
S0966,student_966,18,F,ai fundamentals,2023-09-04,73,No
S0967,student_967,41,F,data science,2023-02-12,99,Yes
S0968,student_968,33,M,cloud computing,2023-05-13,90,No
S0969,student_969,28,M,ai fundamentals,2023-08-22,88,Yes
S0970,student_970,21,M,data science,2023-06-17,95,No
S0971,student_971,21,M,cloud computing,2023-02-07,87,Yes
S0972,student_972,34,M,data science,2023-01-07,99,Yes
S0973,student_973,34,M,cloud computing,2023-09-01,87,Yes
S0974,student_974,27,F,cloud computing,2023-04-04,54,Yes
S0975,student_975,38,M,data engineering,2023-11-11,84,No
S0976,student_976,38,M,ai fundamentals,2023-03-18,72,No
S0977,student_977,23,M,cloud computing,2023-03-06,99,Yes
S0978,student_978,42,F,data science,2023-02-20,80,No
S0979,student_979,42,M,ai fundamentals,2023-06-27,83,Yes
S0980,student_980,34,F,ai fundamentals,2023-04-19,77,No
S0981,student_981,35,M,ai fundamentals,2023-08-29,57,No
S0982,student_982,39,M,data engineering,2023-02-20,63,Yes
S0983,student_983,43,F,cloud computing,2023-10-10,75,No
S0984,student_984,27,M,cloud computing,2023-06-18,87,Yes
S0985,student_985,30,M,cloud computing,2023-11-14,81,Yes
S0986,student_986,33,F,cloud computing,2023-06-26,86,No
S0987,student_987,24,F,data science,2023-05-31,99,Yes
S0988,student_988,32,M,cloud computing,2023-09-28,97,Yes
S0989,student_989,19,M,ai fundamentals,2023-11-16,89,Yes
S0990,student_990,22,F,cloud computing,2023-12-08,58,Yes
S0991,student_991,34,F,cloud computing,2023-02-22,68,No
S0992,student_992,22,F,cloud computing,2023-02-06,70,No
S0993,student_993,25,F,cloud computing,2023-07-18,75,No
S0994,student_994,41,M,data engineering,2023-08-23,89,No
S0995,student_995,32,M,ai fundamentals,2023-02-08,79,No
S0996,student_996,25,F,data engineering,2023-05-25,52,Yes
S0997,student_997,40,M,ai fundamentals,2023-08-15,90,No
S0998,student_998,20,F,cloud computing,2023-04-22,100,No
S0999,student_999,40,F,cloud computing,2023-07-04,67,No
S1000,student_1000,34,M,ai fundamentals,2023-09-09,90,Yes
